"name","standing","numWins","numLoss","isChampion","season","seasonStart","seasonEnd"
"Hawks","8","31","51","False","1980-1981","1980","1981"
"Hawks","6","42","40","False","1981-1982","1981","1982"
"Hawks","6","43","39","False","1982-1983","1982","1983"
"Hawks","7","40","42","False","1983-1984","1983","1984"
"Hawks","9","34","48","False","1984-1985","1984","1985"
"Hawks","4","50","32","False","1985-1986","1985","1986"
"Hawks","2","57","25","False","1986-1987","1986","1987"
"Hawks","3","50","32","False","1987-1988","1987","1988"
"Hawks","4","52","30","False","1988-1989","1988","1989"
"Hawks","9","41","41","False","1989-1990","1989","1990"
"Hawks","6","43","39","False","1990-1991","1990","1991"
"Hawks","8","38","44","False","1991-1992","1991","1992"
"Hawks","6","43","39","False","1992-1993","1992","1993"
"Hawks","1","57","25","False","1993-1994","1993","1994"
"Hawks","7","42","40","False","1994-1995","1994","1995"
"Hawks","6","46","36","False","1995-1996","1995","1996"
"Hawks","4","56","26","False","1996-1997","1996","1997"
"Hawks","5","50","32","False","1997-1998","1997","1998"
"Hawks","4","31","19","False","1998-1999","1998","1999"
"Hawks","14","28","54","False","1999-2000","1999","2000"
"Hawks","13","25","57","False","2000-2001","2000","2001"
"Hawks","12","33","49","False","2001-2002","2001","2002"
"Hawks","11","35","47","False","2002-2003","2002","2003"
"Hawks","12","28","54","False","2003-2004","2003","2004"
"Hawks","15","13","69","False","2004-2005","2004","2005"
"Hawks","14","26","56","False","2005-2006","2005","2006"
"Hawks","13","30","52","False","2006-2007","2006","2007"
"Hawks","8","37","45","False","2007-2008","2007","2008"
"Hawks","4","47","35","False","2008-2009","2008","2009"
"Hawks","3","53","29","False","2009-2010","2009","2010"
"Hawks","5","44","38","False","2010-2011","2010","2011"
"Hawks","5","40","26","False","2011-2012","2011","2012"
"Hawks","6","44","38","False","2012-2013","2012","2013"
"Hawks","8","38","44","False","2013-2014","2013","2014"
"Hawks","1","60","22","False","2014-2015","2014","2015"
"Hawks","4","48","34","False","2015-2016","2015","2016"
"Hawks","5","43","39","False","2016-2017","2016","2017"
"Hawks","15","24","58","False","2017-2018","2017","2018"
"Hawks","12","29","53","False","2018-2019","2018","2019"
"Hawks","14","20","47","False","2019-2020","2019","2020"
"Hawks","5","41","31","False","2020-2021","2020","2021"
"Celtics","1","62","20","False","1980-1981","1980","1981"
"Celtics","1","63","19","False","1981-1982","1981","1982"
"Celtics","3","56","26","False","1982-1983","1982","1983"
"Celtics","1","62","20","False","1983-1984","1983","1984"
"Celtics","1","63","19","False","1984-1985","1984","1985"
"Celtics","1","67","15","False","1985-1986","1985","1986"
"Celtics","1","59","23","False","1986-1987","1986","1987"
"Celtics","1","57","25","False","1987-1988","1987","1988"
"Celtics","8","42","40","False","1988-1989","1988","1989"
"Celtics","4","52","30","False","1989-1990","1989","1990"
"Celtics","2","56","26","False","1990-1991","1990","1991"
"Celtics","2","51","31","False","1991-1992","1991","1992"
"Celtics","4","48","34","False","1992-1993","1992","1993"
"Celtics","10","32","50","False","1993-1994","1993","1994"
"Celtics","8","35","47","False","1994-1995","1994","1995"
"Celtics","11","33","49","False","1995-1996","1995","1996"
"Celtics","15","15","67","False","1996-1997","1996","1997"
"Celtics","12","36","46","False","1997-1998","1997","1998"
"Celtics","12","19","31","False","1998-1999","1998","1999"
"Celtics","10","35","47","False","1999-2000","1999","2000"
"Celtics","9","36","46","False","2000-2001","2000","2001"
"Celtics","3","49","33","False","2001-2002","2001","2002"
"Celtics","6","44","38","False","2002-2003","2002","2003"
"Celtics","8","36","46","False","2003-2004","2003","2004"
"Celtics","4","45","37","False","2004-2005","2004","2005"
"Celtics","11","33","49","False","2005-2006","2005","2006"
"Celtics","15","24","58","False","2006-2007","2006","2007"
"Celtics","1","66","16","False","2007-2008","2007","2008"
"Celtics","2","62","20","False","2008-2009","2008","2009"
"Celtics","4","50","32","False","2009-2010","2009","2010"
"Celtics","3","56","26","False","2010-2011","2010","2011"
"Celtics","4","39","27","False","2011-2012","2011","2012"
"Celtics","7","41","40","False","2012-2013","2012","2013"
"Celtics","12","25","57","False","2013-2014","2013","2014"
"Celtics","7","40","42","False","2014-2015","2014","2015"
"Celtics","5","48","34","False","2015-2016","2015","2016"
"Celtics","1","53","29","False","2016-2017","2016","2017"
"Celtics","2","55","27","False","2017-2018","2017","2018"
"Celtics","4","49","33","False","2018-2019","2018","2019"
"Celtics","3","48","24","False","2019-2020","2019","2020"
"Celtics","7","36","36","False","2020-2021","2020","2021"
"Cavaliers","9","28","54","False","1980-1981","1980","1981"
"Cavaliers","11","15","67","False","1981-1982","1981","1982"
"Cavaliers","10","23","59","False","1982-1983","1982","1983"
"Cavaliers","9","28","54","False","1983-1984","1983","1984"
"Cavaliers","8","36","46","False","1984-1985","1984","1985"
"Cavaliers","9","29","53","False","1985-1986","1985","1986"
"Cavaliers","9","31","51","False","1986-1987","1986","1987"
"Cavaliers","5","42","40","False","1987-1988","1987","1988"
"Cavaliers","3","57","25","False","1988-1989","1988","1989"
"Cavaliers","7","42","40","False","1989-1990","1989","1990"
"Cavaliers","9","33","49","False","1990-1991","1990","1991"
"Cavaliers","4","57","25","False","1991-1992","1991","1992"
"Cavaliers","3","54","28","False","1992-1993","1992","1993"
"Cavaliers","5","47","35","False","1993-1994","1993","1994"
"Cavaliers","6","43","39","False","1994-1995","1994","1995"
"Cavaliers","4","47","35","False","1995-1996","1995","1996"
"Cavaliers","9","42","40","False","1996-1997","1996","1997"
"Cavaliers","6","47","35","False","1997-1998","1997","1998"
"Cavaliers","11","22","28","False","1998-1999","1998","1999"
"Cavaliers","11","32","50","False","1999-2000","1999","2000"
"Cavaliers","11","30","52","False","2000-2001","2000","2001"
"Cavaliers","14","29","53","False","2001-2002","2001","2002"
"Cavaliers","15","17","65","False","2002-2003","2002","2003"
"Cavaliers","9","35","47","False","2003-2004","2003","2004"
"Cavaliers","9","42","40","False","2004-2005","2004","2005"
"Cavaliers","3","50","32","False","2005-2006","2005","2006"
"Cavaliers","2","50","32","False","2006-2007","2006","2007"
"Cavaliers","4","45","37","False","2007-2008","2007","2008"
"Cavaliers","1","66","16","False","2008-2009","2008","2009"
"Cavaliers","1","61","21","False","2009-2010","2009","2010"
"Cavaliers","15","19","63","False","2010-2011","2010","2011"
"Cavaliers","13","21","45","False","2011-2012","2011","2012"
"Cavaliers","13","24","58","False","2012-2013","2012","2013"
"Cavaliers","10","33","49","False","2013-2014","2013","2014"
"Cavaliers","2","53","29","False","2014-2015","2014","2015"
"Cavaliers","1","57","25","False","2015-2016","2015","2016"
"Cavaliers","2","51","31","False","2016-2017","2016","2017"
"Cavaliers","4","50","32","False","2017-2018","2017","2018"
"Cavaliers","14","19","63","False","2018-2019","2018","2019"
"Cavaliers","15","19","46","False","2019-2020","2019","2020"
"Cavaliers","13","22","50","False","2020-2021","2020","2021"
"Hornets","5","47","35","False","2002-2003","2002","2003"
"Hornets","5","41","41","False","2003-2004","2003","2004"
"Hornets","15","18","64","False","2004-2005","2004","2005"
"Hornets","10","38","44","False","2005-2006","2005","2006"
"Hornets","10","39","43","False","2006-2007","2006","2007"
"Hornets","2","56","26","False","2007-2008","2007","2008"
"Hornets","7","49","33","False","2008-2009","2008","2009"
"Hornets","11","37","45","False","2009-2010","2009","2010"
"Hornets","7","46","36","False","2010-2011","2010","2011"
"Hornets","15","21","45","False","2011-2012","2011","2012"
"Hornets","14","27","55","False","2012-2013","2012","2013"
"Pelicans","12","34","48","False","2013-2014","2013","2014"
"Pelicans","8","45","37","False","2014-2015","2014","2015"
"Pelicans","12","30","52","False","2015-2016","2015","2016"
"Pelicans","10","34","48","False","2016-2017","2016","2017"
"Pelicans","6","48","34","False","2017-2018","2017","2018"
"Pelicans","13","33","49","False","2018-2019","2018","2019"
"Pelicans","13","30","42","False","2019-2020","2019","2020"
"Pelicans","11","31","41","False","2020-2021","2020","2021"
"Bulls","5","45","37","False","1980-1981","1980","1981"
"Bulls","9","34","48","False","1981-1982","1981","1982"
"Bulls","9","28","54","False","1982-1983","1982","1983"
"Bulls","10","27","55","False","1983-1984","1983","1984"
"Bulls","7","38","44","False","1984-1985","1984","1985"
"Bulls","8","30","52","False","1985-1986","1985","1986"
"Bulls","8","40","42","False","1986-1987","1986","1987"
"Bulls","3","50","32","False","1987-1988","1987","1988"
"Bulls","6","47","35","False","1988-1989","1988","1989"
"Bulls","3","55","27","False","1989-1990","1989","1990"
"Bulls","1","61","21","False","1990-1991","1990","1991"
"Bulls","1","67","15","False","1991-1992","1991","1992"
"Bulls","2","57","25","False","1992-1993","1992","1993"
"Bulls","3","55","27","False","1993-1994","1993","1994"
"Bulls","5","47","35","False","1994-1995","1994","1995"
"Bulls","1","72","10","False","1995-1996","1995","1996"
"Bulls","1","69","13","False","1996-1997","1996","1997"
"Bulls","1","62","20","False","1997-1998","1997","1998"
"Bulls","15","13","37","False","1998-1999","1998","1999"
"Bulls","15","17","65","False","1999-2000","1999","2000"
"Bulls","15","15","67","False","2000-2001","2000","2001"
"Bulls","15","21","61","False","2001-2002","2001","2002"
"Bulls","12","30","52","False","2002-2003","2002","2003"
"Bulls","14","23","59","False","2003-2004","2003","2004"
"Bulls","3","47","35","False","2004-2005","2004","2005"
"Bulls","7","41","41","False","2005-2006","2005","2006"
"Bulls","5","49","33","False","2006-2007","2006","2007"
"Bulls","11","33","49","False","2007-2008","2007","2008"
"Bulls","7","41","41","False","2008-2009","2008","2009"
"Bulls","8","41","41","False","2009-2010","2009","2010"
"Bulls","1","62","20","False","2010-2011","2010","2011"
"Bulls","1","50","16","False","2011-2012","2011","2012"
"Bulls","5","45","37","False","2012-2013","2012","2013"
"Bulls","4","48","34","False","2013-2014","2013","2014"
"Bulls","3","50","32","False","2014-2015","2014","2015"
"Bulls","9","42","40","False","2015-2016","2015","2016"
"Bulls","8","41","41","False","2016-2017","2016","2017"
"Bulls","13","27","55","False","2017-2018","2017","2018"
"Bulls","13","22","60","False","2018-2019","2018","2019"
"Bulls","11","22","43","False","2019-2020","2019","2020"
"Bulls","11","31","41","False","2020-2021","2020","2021"
"Mavericks","12","15","67","False","1980-1981","1980","1981"
"Mavericks","10","28","54","False","1981-1982","1981","1982"
"Mavericks","8","38","44","False","1982-1983","1982","1983"
"Mavericks","4","43","39","False","1983-1984","1983","1984"
"Mavericks","4","44","38","False","1984-1985","1984","1985"
"Mavericks","4","44","38","False","1985-1986","1985","1986"
"Mavericks","2","55","27","False","1986-1987","1986","1987"
"Mavericks","3","53","29","False","1987-1988","1987","1988"
"Mavericks","9","38","44","False","1988-1989","1988","1989"
"Mavericks","6","47","35","False","1989-1990","1989","1990"
"Mavericks","12","28","54","False","1990-1991","1990","1991"
"Mavericks","12","22","60","False","1991-1992","1991","1992"
"Mavericks","13","11","71","False","1992-1993","1992","1993"
"Mavericks","13","13","69","False","1993-1994","1993","1994"
"Mavericks","10","36","46","False","1994-1995","1994","1995"
"Mavericks","12","26","56","False","1995-1996","1995","1996"
"Mavericks","11","24","58","False","1996-1997","1996","1997"
"Mavericks","10","20","62","False","1997-1998","1997","1998"
"Mavericks","11","19","31","False","1998-1999","1998","1999"
"Mavericks","9","40","42","False","1999-2000","1999","2000"
"Mavericks","4","53","29","False","2000-2001","2000","2001"
"Mavericks","4","57","25","False","2001-2002","2001","2002"
"Mavericks","3","60","22","False","2002-2003","2002","2003"
"Mavericks","5","52","30","False","2003-2004","2003","2004"
"Mavericks","3","58","24","False","2004-2005","2004","2005"
"Mavericks","2","60","22","False","2005-2006","2005","2006"
"Mavericks","1","67","15","False","2006-2007","2006","2007"
"Mavericks","7","51","31","False","2007-2008","2007","2008"
"Mavericks","6","50","32","False","2008-2009","2008","2009"
"Mavericks","2","55","27","False","2009-2010","2009","2010"
"Mavericks","3","57","25","False","2010-2011","2010","2011"
"Mavericks","7","36","30","False","2011-2012","2011","2012"
"Mavericks","10","41","41","False","2012-2013","2012","2013"
"Mavericks","8","49","33","False","2013-2014","2013","2014"
"Mavericks","7","50","32","False","2014-2015","2014","2015"
"Mavericks","6","42","40","False","2015-2016","2015","2016"
"Mavericks","11","33","49","False","2016-2017","2016","2017"
"Mavericks","13","24","58","False","2017-2018","2017","2018"
"Mavericks","14","33","49","False","2018-2019","2018","2019"
"Mavericks","7","43","32","False","2019-2020","2019","2020"
"Mavericks","5","42","30","False","2020-2021","2020","2021"
"Nuggets","8","37","45","False","1980-1981","1980","1981"
"Nuggets","4","46","36","False","1981-1982","1981","1982"
"Nuggets","6","45","37","False","1982-1983","1982","1983"
"Nuggets","7","38","44","False","1983-1984","1983","1984"
"Nuggets","2","52","30","False","1984-1985","1984","1985"
"Nuggets","3","47","35","False","1985-1986","1985","1986"
"Nuggets","8","37","45","False","1986-1987","1986","1987"
"Nuggets","2","54","28","False","1987-1988","1987","1988"
"Nuggets","6","44","38","False","1988-1989","1988","1989"
"Nuggets","7","43","39","False","1989-1990","1989","1990"
"Nuggets","14","20","62","False","1990-1991","1990","1991"
"Nuggets","11","24","58","False","1991-1992","1991","1992"
"Nuggets","9","36","46","False","1992-1993","1992","1993"
"Nuggets","8","42","40","False","1993-1994","1993","1994"
"Nuggets","8","41","41","False","1994-1995","1994","1995"
"Nuggets","10","35","47","False","1995-1996","1995","1996"
"Nuggets","12","21","61","False","1996-1997","1996","1997"
"Nuggets","14","11","71","False","1997-1998","1997","1998"
"Nuggets","12","14","36","False","1998-1999","1998","1999"
"Nuggets","10","35","47","False","1999-2000","1999","2000"
"Nuggets","11","40","42","False","2000-2001","2000","2001"
"Nuggets","12","27","55","False","2001-2002","2001","2002"
"Nuggets","14","17","65","False","2002-2003","2002","2003"
"Nuggets","8","43","39","False","2003-2004","2003","2004"
"Nuggets","7","49","33","False","2004-2005","2004","2005"
"Nuggets","4","44","38","False","2005-2006","2005","2006"
"Nuggets","6","45","37","False","2006-2007","2006","2007"
"Nuggets","8","50","32","False","2007-2008","2007","2008"
"Nuggets","2","54","28","False","2008-2009","2008","2009"
"Nuggets","4","53","29","False","2009-2010","2009","2010"
"Nuggets","5","50","32","False","2010-2011","2010","2011"
"Nuggets","6","38","28","False","2011-2012","2011","2012"
"Nuggets","3","57","25","False","2012-2013","2012","2013"
"Nuggets","11","36","46","False","2013-2014","2013","2014"
"Nuggets","12","30","52","False","2014-2015","2014","2015"
"Nuggets","11","33","49","False","2015-2016","2015","2016"
"Nuggets","9","40","42","False","2016-2017","2016","2017"
"Nuggets","9","46","36","False","2017-2018","2017","2018"
"Nuggets","2","54","28","False","2018-2019","2018","2019"
"Nuggets","3","46","27","False","2019-2020","2019","2020"
"Nuggets","3","47","25","False","2020-2021","2020","2021"
"Warriors","7","39","43","False","1980-1981","1980","1981"
"Warriors","7","45","37","False","1981-1982","1981","1982"
"Warriors","9","30","52","False","1982-1983","1982","1983"
"Warriors","9","37","45","False","1983-1984","1983","1984"
"Warriors","12","22","60","False","1984-1985","1984","1985"
"Warriors","12","30","52","False","1985-1986","1985","1986"
"Warriors","5","42","40","False","1986-1987","1986","1987"
"Warriors","11","20","62","False","1987-1988","1987","1988"
"Warriors","7","43","39","False","1988-1989","1988","1989"
"Warriors","10","37","45","False","1989-1990","1989","1990"
"Warriors","7","44","38","False","1990-1991","1990","1991"
"Warriors","2","55","27","False","1991-1992","1991","1992"
"Warriors","10","34","48","False","1992-1993","1992","1993"
"Warriors","6","50","32","False","1993-1994","1993","1994"
"Warriors","11","26","56","False","1994-1995","1994","1995"
"Warriors","9","36","46","False","1995-1996","1995","1996"
"Warriors","10","30","52","False","1996-1997","1996","1997"
"Warriors","11","19","63","False","1997-1998","1997","1998"
"Warriors","10","21","29","False","1998-1999","1998","1999"
"Warriors","13","19","63","False","1999-2000","1999","2000"
"Warriors","14","17","65","False","2000-2001","2000","2001"
"Warriors","14","21","61","False","2001-2002","2001","2002"
"Warriors","11","38","44","False","2002-2003","2002","2003"
"Warriors","11","37","45","False","2003-2004","2003","2004"
"Warriors","12","34","48","False","2004-2005","2004","2005"
"Warriors","13","34","48","False","2005-2006","2005","2006"
"Warriors","8","42","40","False","2006-2007","2006","2007"
"Warriors","9","48","34","False","2007-2008","2007","2008"
"Warriors","10","29","53","False","2008-2009","2008","2009"
"Warriors","13","26","56","False","2009-2010","2009","2010"
"Warriors","12","36","46","False","2010-2011","2010","2011"
"Warriors","13","23","43","False","2011-2012","2011","2012"
"Warriors","6","47","35","False","2012-2013","2012","2013"
"Warriors","6","51","31","False","2013-2014","2013","2014"
"Warriors","1","67","15","False","2014-2015","2014","2015"
"Warriors","1","73","9","False","2015-2016","2015","2016"
"Warriors","1","67","15","False","2016-2017","2016","2017"
"Warriors","2","58","24","False","2017-2018","2017","2018"
"Warriors","1","57","25","False","2018-2019","2018","2019"
"Warriors","15","15","50","False","2019-2020","2019","2020"
"Warriors","9","39","33","False","2020-2021","2020","2021"
"Rockets","5","40","42","False","1980-1981","1980","1981"
"Rockets","4","46","36","False","1981-1982","1981","1982"
"Rockets","12","14","68","False","1982-1983","1982","1983"
"Rockets","12","29","53","False","1983-1984","1983","1984"
"Rockets","3","48","34","False","1984-1985","1984","1985"
"Rockets","2","51","31","False","1985-1986","1985","1986"
"Rockets","5","42","40","False","1986-1987","1986","1987"
"Rockets","6","46","36","False","1987-1988","1987","1988"
"Rockets","5","45","37","False","1988-1989","1988","1989"
"Rockets","8","41","41","False","1989-1990","1989","1990"
"Rockets","6","52","30","False","1990-1991","1990","1991"
"Rockets","9","42","40","False","1991-1992","1991","1992"
"Rockets","2","55","27","False","1992-1993","1992","1993"
"Rockets","2","58","24","False","1993-1994","1993","1994"
"Rockets","6","47","35","False","1994-1995","1994","1995"
"Rockets","5","48","34","False","1995-1996","1995","1996"
"Rockets","2","57","25","False","1996-1997","1996","1997"
"Rockets","8","41","41","False","1997-1998","1997","1998"
"Rockets","4","31","19","False","1998-1999","1998","1999"
"Rockets","11","34","48","False","1999-2000","1999","2000"
"Rockets","9","45","37","False","2000-2001","2000","2001"
"Rockets","11","28","54","False","2001-2002","2001","2002"
"Rockets","9","43","39","False","2002-2003","2002","2003"
"Rockets","7","45","37","False","2003-2004","2003","2004"
"Rockets","5","51","31","False","2004-2005","2004","2005"
"Rockets","12","34","48","False","2005-2006","2005","2006"
"Rockets","5","52","30","False","2006-2007","2006","2007"
"Rockets","5","55","27","False","2007-2008","2007","2008"
"Rockets","5","53","29","False","2008-2009","2008","2009"
"Rockets","9","42","40","False","2009-2010","2009","2010"
"Rockets","9","43","39","False","2010-2011","2010","2011"
"Rockets","9","34","32","False","2011-2012","2011","2012"
"Rockets","8","45","37","False","2012-2013","2012","2013"
"Rockets","4","54","28","False","2013-2014","2013","2014"
"Rockets","2","56","26","False","2014-2015","2014","2015"
"Rockets","8","41","41","False","2015-2016","2015","2016"
"Rockets","3","55","27","False","2016-2017","2016","2017"
"Rockets","1","65","17","False","2017-2018","2017","2018"
"Rockets","4","53","29","False","2018-2019","2018","2019"
"Rockets","4","44","28","False","2019-2020","2019","2020"
"Rockets","15","17","55","False","2020-2021","2020","2021"
"Clippers","9","36","46","False","1980-1981","1980","1981"
"Clippers","12","17","65","False","1981-1982","1981","1982"
"Clippers","11","25","57","False","1982-1983","1982","1983"
"Clippers","11","30","52","False","1983-1984","1983","1984"
"Clippers","9","31","51","False","1984-1985","1984","1985"
"Clippers","9","32","50","False","1985-1986","1985","1986"
"Clippers","12","12","70","False","1986-1987","1986","1987"
"Clippers","12","17","65","False","1987-1988","1987","1988"
"Clippers","11","21","61","False","1988-1989","1988","1989"
"Clippers","11","30","52","False","1989-1990","1989","1990"
"Clippers","9","31","51","False","1990-1991","1990","1991"
"Clippers","7","45","37","False","1991-1992","1991","1992"
"Clippers","7","41","41","False","1992-1993","1992","1993"
"Clippers","11","27","55","False","1993-1994","1993","1994"
"Clippers","13","17","65","False","1994-1995","1994","1995"
"Clippers","11","29","53","False","1995-1996","1995","1996"
"Clippers","8","36","46","False","1996-1997","1996","1997"
"Clippers","13","17","65","False","1997-1998","1997","1998"
"Clippers","13","9","41","False","1998-1999","1998","1999"
"Clippers","14","15","67","False","1999-2000","1999","2000"
"Clippers","12","31","51","False","2000-2001","2000","2001"
"Clippers","9","39","43","False","2001-2002","2001","2002"
"Clippers","13","27","55","False","2002-2003","2002","2003"
"Clippers","14","28","54","False","2003-2004","2003","2004"
"Clippers","10","37","45","False","2004-2005","2004","2005"
"Clippers","6","47","35","False","2005-2006","2005","2006"
"Clippers","9","40","42","False","2006-2007","2006","2007"
"Clippers","12","23","59","False","2007-2008","2007","2008"
"Clippers","14","19","63","False","2008-2009","2008","2009"
"Clippers","12","29","53","False","2009-2010","2009","2010"
"Clippers","13","32","50","False","2010-2011","2010","2011"
"Clippers","5","40","26","False","2011-2012","2011","2012"
"Clippers","4","56","26","False","2012-2013","2012","2013"
"Clippers","3","57","25","False","2013-2014","2013","2014"
"Clippers","3","56","26","False","2014-2015","2014","2015"
"Clippers","4","53","29","False","2015-2016","2015","2016"
"Clippers","4","51","31","False","2016-2017","2016","2017"
"Clippers","10","42","40","False","2017-2018","2017","2018"
"Clippers","8","48","34","False","2018-2019","2018","2019"
"Clippers","2","49","23","False","2019-2020","2019","2020"
"Clippers","4","47","25","False","2020-2021","2020","2021"
"Lakers","3","54","28","False","1980-1981","1980","1981"
"Lakers","1","57","25","False","1981-1982","1981","1982"
"Lakers","1","58","24","False","1982-1983","1982","1983"
"Lakers","1","54","28","False","1983-1984","1983","1984"
"Lakers","1","62","20","False","1984-1985","1984","1985"
"Lakers","1","62","20","False","1985-1986","1985","1986"
"Lakers","1","65","17","False","1986-1987","1986","1987"
"Lakers","1","62","20","False","1987-1988","1987","1988"
"Lakers","1","57","25","False","1988-1989","1988","1989"
"Lakers","1","63","19","False","1989-1990","1989","1990"
"Lakers","3","58","24","False","1990-1991","1990","1991"
"Lakers","8","43","39","False","1991-1992","1991","1992"
"Lakers","8","39","43","False","1992-1993","1992","1993"
"Lakers","9","33","49","False","1993-1994","1993","1994"
"Lakers","5","48","34","False","1994-1995","1994","1995"
"Lakers","4","53","29","False","1995-1996","1995","1996"
"Lakers","4","56","26","False","1996-1997","1996","1997"
"Lakers","2","61","21","False","1997-1998","1997","1998"
"Lakers","4","31","19","False","1998-1999","1998","1999"
"Lakers","1","67","15","False","1999-2000","1999","2000"
"Lakers","2","56","26","False","2000-2001","2000","2001"
"Lakers","3","58","24","False","2001-2002","2001","2002"
"Lakers","5","50","32","False","2002-2003","2002","2003"
"Lakers","2","56","26","False","2003-2004","2003","2004"
"Lakers","11","34","48","False","2004-2005","2004","2005"
"Lakers","7","45","37","False","2005-2006","2005","2006"
"Lakers","7","42","40","False","2006-2007","2006","2007"
"Lakers","1","57","25","False","2007-2008","2007","2008"
"Lakers","1","65","17","False","2008-2009","2008","2009"
"Lakers","1","57","25","False","2009-2010","2009","2010"
"Lakers","2","57","25","False","2010-2011","2010","2011"
"Lakers","3","41","25","False","2011-2012","2011","2012"
"Lakers","7","45","37","False","2012-2013","2012","2013"
"Lakers","14","27","55","False","2013-2014","2013","2014"
"Lakers","14","21","61","False","2014-2015","2014","2015"
"Lakers","15","17","65","False","2015-2016","2015","2016"
"Lakers","14","26","56","False","2016-2017","2016","2017"
"Lakers","11","35","47","False","2017-2018","2017","2018"
"Lakers","10","37","45","False","2018-2019","2018","2019"
"Lakers","1","52","19","False","2019-2020","2019","2020"
"Lakers","7","42","30","False","2020-2021","2020","2021"
"Heat","13","15","67","False","1988-1989","1988","1989"
"Heat","11","18","64","False","1989-1990","1989","1990"
"Heat","13","24","58","False","1990-1991","1990","1991"
"Heat","8","38","44","False","1991-1992","1991","1992"
"Heat","11","36","46","False","1992-1993","1992","1993"
"Heat","8","42","40","False","1993-1994","1993","1994"
"Heat","10","32","50","False","1994-1995","1994","1995"
"Heat","8","42","40","False","1995-1996","1995","1996"
"Heat","2","61","21","False","1996-1997","1996","1997"
"Heat","2","55","27","False","1997-1998","1997","1998"
"Heat","1","33","17","False","1998-1999","1998","1999"
"Heat","2","52","30","False","1999-2000","1999","2000"
"Heat","3","50","32","False","2000-2001","2000","2001"
"Heat","11","36","46","False","2001-2002","2001","2002"
"Heat","13","25","57","False","2002-2003","2002","2003"
"Heat","4","42","40","False","2003-2004","2003","2004"
"Heat","1","59","23","False","2004-2005","2004","2005"
"Heat","2","52","30","False","2005-2006","2005","2006"
"Heat","4","44","38","False","2006-2007","2006","2007"
"Heat","15","15","67","False","2007-2008","2007","2008"
"Heat","5","43","39","False","2008-2009","2008","2009"
"Heat","5","47","35","False","2009-2010","2009","2010"
"Heat","2","58","24","False","2010-2011","2010","2011"
"Heat","2","46","20","False","2011-2012","2011","2012"
"Heat","1","66","16","False","2012-2013","2012","2013"
"Heat","2","54","28","False","2013-2014","2013","2014"
"Heat","10","37","45","False","2014-2015","2014","2015"
"Heat","3","48","34","False","2015-2016","2015","2016"
"Heat","9","41","41","False","2016-2017","2016","2017"
"Heat","6","44","38","False","2017-2018","2017","2018"
"Heat","10","39","43","False","2018-2019","2018","2019"
"Heat","5","44","29","False","2019-2020","2019","2020"
"Heat","6","40","32","False","2020-2021","2020","2021"
"Bucks","3","60","22","False","1980-1981","1980","1981"
"Bucks","2","55","27","False","1981-1982","1981","1982"
"Bucks","2","51","31","False","1982-1983","1982","1983"
"Bucks","2","50","32","False","1983-1984","1983","1984"
"Bucks","2","59","23","False","1984-1985","1984","1985"
"Bucks","2","57","25","False","1985-1986","1985","1986"
"Bucks","4","50","32","False","1986-1987","1986","1987"
"Bucks","5","42","40","False","1987-1988","1987","1988"
"Bucks","5","49","33","False","1988-1989","1988","1989"
"Bucks","6","44","38","False","1989-1990","1989","1990"
"Bucks","4","48","34","False","1990-1991","1990","1991"
"Bucks","11","31","51","False","1991-1992","1991","1992"
"Bucks","12","28","54","False","1992-1993","1992","1993"
"Bucks","13","20","62","False","1993-1994","1993","1994"
"Bucks","9","34","48","False","1994-1995","1994","1995"
"Bucks","13","25","57","False","1995-1996","1995","1996"
"Bucks","11","33","49","False","1996-1997","1996","1997"
"Bucks","12","36","46","False","1997-1998","1997","1998"
"Bucks","6","28","22","False","1998-1999","1998","1999"
"Bucks","7","42","40","False","1999-2000","1999","2000"
"Bucks","2","52","30","False","2000-2001","2000","2001"
"Bucks","9","41","41","False","2001-2002","2001","2002"
"Bucks","7","42","40","False","2002-2003","2002","2003"
"Bucks","6","41","41","False","2003-2004","2003","2004"
"Bucks","13","30","52","False","2004-2005","2004","2005"
"Bucks","8","40","42","False","2005-2006","2005","2006"
"Bucks","14","28","54","False","2006-2007","2006","2007"
"Bucks","13","26","56","False","2007-2008","2007","2008"
"Bucks","12","34","48","False","2008-2009","2008","2009"
"Bucks","6","46","36","False","2009-2010","2009","2010"
"Bucks","9","35","47","False","2010-2011","2010","2011"
"Bucks","9","31","35","False","2011-2012","2011","2012"
"Bucks","8","38","44","False","2012-2013","2012","2013"
"Bucks","15","15","67","False","2013-2014","2013","2014"
"Bucks","6","41","41","False","2014-2015","2014","2015"
"Bucks","12","33","49","False","2015-2016","2015","2016"
"Bucks","6","42","40","False","2016-2017","2016","2017"
"Bucks","7","44","38","False","2017-2018","2017","2018"
"Bucks","1","60","22","False","2018-2019","2018","2019"
"Bucks","1","56","17","False","2019-2020","2019","2020"
"Bucks","3","46","26","False","2020-2021","2020","2021"
"Timberwolves","13","22","60","False","1989-1990","1989","1990"
"Timberwolves","11","29","53","False","1990-1991","1990","1991"
"Timberwolves","13","15","67","False","1991-1992","1991","1992"
"Timberwolves","12","19","63","False","1992-1993","1992","1993"
"Timberwolves","12","20","62","False","1993-1994","1993","1994"
"Timberwolves","12","21","61","False","1994-1995","1994","1995"
"Timberwolves","12","26","56","False","1995-1996","1995","1996"
"Timberwolves","6","40","42","False","1996-1997","1996","1997"
"Timberwolves","7","45","37","False","1997-1998","1997","1998"
"Timberwolves","8","25","25","False","1998-1999","1998","1999"
"Timberwolves","6","50","32","False","1999-2000","1999","2000"
"Timberwolves","8","47","35","False","2000-2001","2000","2001"
"Timberwolves","5","50","32","False","2001-2002","2001","2002"
"Timberwolves","4","51","31","False","2002-2003","2002","2003"
"Timberwolves","1","58","24","False","2003-2004","2003","2004"
"Timberwolves","9","44","38","False","2004-2005","2004","2005"
"Timberwolves","14","33","49","False","2005-2006","2005","2006"
"Timberwolves","13","32","50","False","2006-2007","2006","2007"
"Timberwolves","13","22","60","False","2007-2008","2007","2008"
"Timberwolves","11","24","58","False","2008-2009","2008","2009"
"Timberwolves","15","15","67","False","2009-2010","2009","2010"
"Timberwolves","15","17","65","False","2010-2011","2010","2011"
"Timberwolves","12","26","40","False","2011-2012","2011","2012"
"Timberwolves","12","31","51","False","2012-2013","2012","2013"
"Timberwolves","10","40","42","False","2013-2014","2013","2014"
"Timberwolves","15","16","66","False","2014-2015","2014","2015"
"Timberwolves","13","29","53","False","2015-2016","2015","2016"
"Timberwolves","13","31","51","False","2016-2017","2016","2017"
"Timberwolves","8","47","35","False","2017-2018","2017","2018"
"Timberwolves","11","36","46","False","2018-2019","2018","2019"
"Timberwolves","14","19","45","False","2019-2020","2019","2020"
"Timberwolves","13","23","49","False","2020-2021","2020","2021"
"Nets","10","24","58","False","1980-1981","1980","1981"
"Nets","4","44","38","False","1981-1982","1981","1982"
"Nets","4","49","33","False","1982-1983","1982","1983"
"Nets","6","45","37","False","1983-1984","1983","1984"
"Nets","5","42","40","False","1984-1985","1984","1985"
"Nets","6","39","43","False","1985-1986","1985","1986"
"Nets","10","24","58","False","1986-1987","1986","1987"
"Nets","11","19","63","False","1987-1988","1987","1988"
"Nets","11","26","56","False","1988-1989","1988","1989"
"Nets","13","17","65","False","1989-1990","1989","1990"
"Nets","11","26","56","False","1990-1991","1990","1991"
"Nets","6","40","42","False","1991-1992","1991","1992"
"Nets","6","43","39","False","1992-1993","1992","1993"
"Nets","7","45","37","False","1993-1994","1993","1994"
"Nets","11","30","52","False","1994-1995","1994","1995"
"Nets","12","30","52","False","1995-1996","1995","1996"
"Nets","13","26","56","False","1996-1997","1996","1997"
"Nets","7","43","39","False","1997-1998","1997","1998"
"Nets","14","16","34","False","1998-1999","1998","1999"
"Nets","12","31","51","False","1999-2000","1999","2000"
"Nets","12","26","56","False","2000-2001","2000","2001"
"Nets","1","52","30","False","2001-2002","2001","2002"
"Nets","2","49","33","False","2002-2003","2002","2003"
"Nets","2","47","35","False","2003-2004","2003","2004"
"Nets","8","42","40","False","2004-2005","2004","2005"
"Nets","4","49","33","False","2005-2006","2005","2006"
"Nets","6","41","41","False","2006-2007","2006","2007"
"Nets","10","34","48","False","2007-2008","2007","2008"
"Nets","11","34","48","False","2008-2009","2008","2009"
"Nets","15","12","70","False","2009-2010","2009","2010"
"Nets","12","24","58","False","2010-2011","2010","2011"
"Nets","12","22","44","False","2011-2012","2011","2012"
"Nets","4","49","33","False","2012-2013","2012","2013"
"Nets","6","44","38","False","2013-2014","2013","2014"
"Nets","8","38","44","False","2014-2015","2014","2015"
"Nets","14","21","61","False","2015-2016","2015","2016"
"Nets","15","20","62","False","2016-2017","2016","2017"
"Nets","12","28","54","False","2017-2018","2017","2018"
"Nets","6","42","40","False","2018-2019","2018","2019"
"Nets","7","35","37","False","2019-2020","2019","2020"
"Nets","2","48","24","False","2020-2021","2020","2021"
"Knicks","4","50","32","False","1980-1981","1980","1981"
"Knicks","10","33","49","False","1981-1982","1981","1982"
"Knicks","5","44","38","False","1982-1983","1982","1983"
"Knicks","5","47","35","False","1983-1984","1983","1984"
"Knicks","10","24","58","False","1984-1985","1984","1985"
"Knicks","11","23","59","False","1985-1986","1985","1986"
"Knicks","10","24","58","False","1986-1987","1986","1987"
"Knicks","7","38","44","False","1987-1988","1987","1988"
"Knicks","2","52","30","False","1988-1989","1988","1989"
"Knicks","5","45","37","False","1989-1990","1989","1990"
"Knicks","8","39","43","False","1990-1991","1990","1991"
"Knicks","2","51","31","False","1991-1992","1991","1992"
"Knicks","1","60","22","False","1992-1993","1992","1993"
"Knicks","1","57","25","False","1993-1994","1993","1994"
"Knicks","3","55","27","False","1994-1995","1994","1995"
"Knicks","4","47","35","False","1995-1996","1995","1996"
"Knicks","3","57","25","False","1996-1997","1996","1997"
"Knicks","7","43","39","False","1997-1998","1997","1998"
"Knicks","8","27","23","False","1998-1999","1998","1999"
"Knicks","3","50","32","False","1999-2000","1999","2000"
"Knicks","4","48","34","False","2000-2001","2000","2001"
"Knicks","13","30","52","False","2001-2002","2001","2002"
"Knicks","10","37","45","False","2002-2003","2002","2003"
"Knicks","7","39","43","False","2003-2004","2003","2004"
"Knicks","12","33","49","False","2004-2005","2004","2005"
"Knicks","15","23","59","False","2005-2006","2005","2006"
"Knicks","12","33","49","False","2006-2007","2006","2007"
"Knicks","14","23","59","False","2007-2008","2007","2008"
"Knicks","14","32","50","False","2008-2009","2008","2009"
"Knicks","11","29","53","False","2009-2010","2009","2010"
"Knicks","6","42","40","False","2010-2011","2010","2011"
"Knicks","7","36","30","False","2011-2012","2011","2012"
"Knicks","2","54","28","False","2012-2013","2012","2013"
"Knicks","9","37","45","False","2013-2014","2013","2014"
"Knicks","15","17","65","False","2014-2015","2014","2015"
"Knicks","13","32","50","False","2015-2016","2015","2016"
"Knicks","12","31","51","False","2016-2017","2016","2017"
"Knicks","11","29","53","False","2017-2018","2017","2018"
"Knicks","15","17","65","False","2018-2019","2018","2019"
"Knicks","12","21","45","False","2019-2020","2019","2020"
"Knicks","4","41","31","False","2020-2021","2020","2021"
"Magic","11","18","64","False","1989-1990","1989","1990"
"Magic","9","31","51","False","1990-1991","1990","1991"
"Magic","14","21","61","False","1991-1992","1991","1992"
"Magic","8","41","41","False","1992-1993","1992","1993"
"Magic","4","50","32","False","1993-1994","1993","1994"
"Magic","1","57","25","False","1994-1995","1994","1995"
"Magic","2","60","22","False","1995-1996","1995","1996"
"Magic","7","45","37","False","1996-1997","1996","1997"
"Magic","10","41","41","False","1997-1998","1997","1998"
"Magic","1","33","17","False","1998-1999","1998","1999"
"Magic","9","41","41","False","1999-2000","1999","2000"
"Magic","7","43","39","False","2000-2001","2000","2001"
"Magic","5","44","38","False","2001-2002","2001","2002"
"Magic","8","42","40","False","2002-2003","2002","2003"
"Magic","15","21","61","False","2003-2004","2003","2004"
"Magic","10","36","46","False","2004-2005","2004","2005"
"Magic","10","36","46","False","2005-2006","2005","2006"
"Magic","8","40","42","False","2006-2007","2006","2007"
"Magic","3","52","30","False","2007-2008","2007","2008"
"Magic","3","59","23","False","2008-2009","2008","2009"
"Magic","2","59","23","False","2009-2010","2009","2010"
"Magic","4","52","30","False","2010-2011","2010","2011"
"Magic","6","37","29","False","2011-2012","2011","2012"
"Magic","15","20","62","False","2012-2013","2012","2013"
"Magic","13","23","59","False","2013-2014","2013","2014"
"Magic","13","25","57","False","2014-2015","2014","2015"
"Magic","11","35","47","False","2015-2016","2015","2016"
"Magic","13","29","53","False","2016-2017","2016","2017"
"Magic","14","25","57","False","2017-2018","2017","2018"
"Magic","7","42","40","False","2018-2019","2018","2019"
"Magic","8","33","40","False","2019-2020","2019","2020"
"Magic","14","21","51","False","2020-2021","2020","2021"
"Pacers","6","44","38","False","1980-1981","1980","1981"
"Pacers","8","35","47","False","1981-1982","1981","1982"
"Pacers","11","20","62","False","1982-1983","1982","1983"
"Pacers","11","26","56","False","1983-1984","1983","1984"
"Pacers","11","22","60","False","1984-1985","1984","1985"
"Pacers","10","26","56","False","1985-1986","1985","1986"
"Pacers","7","41","41","False","1986-1987","1986","1987"
"Pacers","7","38","44","False","1987-1988","1987","1988"
"Pacers","10","28","54","False","1988-1989","1988","1989"
"Pacers","7","42","40","False","1989-1990","1989","1990"
"Pacers","7","41","41","False","1990-1991","1990","1991"
"Pacers","6","40","42","False","1991-1992","1991","1992"
"Pacers","8","41","41","False","1992-1993","1992","1993"
"Pacers","5","47","35","False","1993-1994","1993","1994"
"Pacers","2","52","30","False","1994-1995","1994","1995"
"Pacers","3","52","30","False","1995-1996","1995","1996"
"Pacers","10","39","43","False","1996-1997","1996","1997"
"Pacers","3","58","24","False","1997-1998","1997","1998"
"Pacers","1","33","17","False","1998-1999","1998","1999"
"Pacers","1","56","26","False","1999-2000","1999","2000"
"Pacers","8","41","41","False","2000-2001","2000","2001"
"Pacers","8","42","40","False","2001-2002","2001","2002"
"Pacers","3","48","34","False","2002-2003","2002","2003"
"Pacers","1","61","21","False","2003-2004","2003","2004"
"Pacers","6","44","38","False","2004-2005","2004","2005"
"Pacers","6","41","41","False","2005-2006","2005","2006"
"Pacers","9","35","47","False","2006-2007","2006","2007"
"Pacers","9","36","46","False","2007-2008","2007","2008"
"Pacers","9","36","46","False","2008-2009","2008","2009"
"Pacers","10","32","50","False","2009-2010","2009","2010"
"Pacers","8","37","45","False","2010-2011","2010","2011"
"Pacers","3","42","24","False","2011-2012","2011","2012"
"Pacers","3","49","32","False","2012-2013","2012","2013"
"Pacers","1","56","26","False","2013-2014","2013","2014"
"Pacers","9","38","44","False","2014-2015","2014","2015"
"Pacers","7","45","37","False","2015-2016","2015","2016"
"Pacers","7","42","40","False","2016-2017","2016","2017"
"Pacers","5","48","34","False","2017-2018","2017","2018"
"Pacers","5","48","34","False","2018-2019","2018","2019"
"Pacers","4","45","28","False","2019-2020","2019","2020"
"Pacers","9","34","38","False","2020-2021","2020","2021"
"76ers","1","62","20","False","1980-1981","1980","1981"
"76ers","3","58","24","False","1981-1982","1981","1982"
"76ers","1","65","17","False","1982-1983","1982","1983"
"76ers","3","52","30","False","1983-1984","1983","1984"
"76ers","3","58","24","False","1984-1985","1984","1985"
"76ers","3","54","28","False","1985-1986","1985","1986"
"76ers","5","45","37","False","1986-1987","1986","1987"
"76ers","10","36","46","False","1987-1988","1987","1988"
"76ers","7","46","36","False","1988-1989","1988","1989"
"76ers","2","53","29","False","1989-1990","1989","1990"
"76ers","5","44","38","False","1990-1991","1990","1991"
"76ers","10","35","47","False","1991-1992","1991","1992"
"76ers","13","26","56","False","1992-1993","1992","1993"
"76ers","11","25","57","False","1993-1994","1993","1994"
"76ers","13","24","58","False","1994-1995","1994","1995"
"76ers","15","18","64","False","1995-1996","1995","1996"
"76ers","14","22","60","False","1996-1997","1996","1997"
"76ers","14","31","51","False","1997-1998","1997","1998"
"76ers","6","28","22","False","1998-1999","1998","1999"
"76ers","4","49","33","False","1999-2000","1999","2000"
"76ers","1","56","26","False","2000-2001","2000","2001"
"76ers","6","43","39","False","2001-2002","2001","2002"
"76ers","4","48","34","False","2002-2003","2002","2003"
"76ers","11","33","49","False","2003-2004","2003","2004"
"76ers","7","43","39","False","2004-2005","2004","2005"
"76ers","9","38","44","False","2005-2006","2005","2006"
"76ers","10","35","47","False","2006-2007","2006","2007"
"76ers","7","40","42","False","2007-2008","2007","2008"
"76ers","6","41","41","False","2008-2009","2008","2009"
"76ers","13","27","55","False","2009-2010","2009","2010"
"76ers","7","41","41","False","2010-2011","2010","2011"
"76ers","8","35","31","False","2011-2012","2011","2012"
"76ers","9","34","48","False","2012-2013","2012","2013"
"76ers","14","19","63","False","2013-2014","2013","2014"
"76ers","14","18","64","False","2014-2015","2014","2015"
"76ers","15","10","72","False","2015-2016","2015","2016"
"76ers","14","28","54","False","2016-2017","2016","2017"
"76ers","3","52","30","False","2017-2018","2017","2018"
"76ers","3","51","31","False","2018-2019","2018","2019"
"76ers","6","43","30","False","2019-2020","2019","2020"
"76ers","1","49","23","False","2020-2021","2020","2021"
"Suns","1","57","25","False","1980-1981","1980","1981"
"Suns","4","46","36","False","1981-1982","1981","1982"
"Suns","2","53","29","False","1982-1983","1982","1983"
"Suns","6","41","41","False","1983-1984","1983","1984"
"Suns","8","36","46","False","1984-1985","1984","1985"
"Suns","9","32","50","False","1985-1986","1985","1986"
"Suns","9","36","46","False","1986-1987","1986","1987"
"Suns","9","28","54","False","1987-1988","1987","1988"
"Suns","3","55","27","False","1988-1989","1988","1989"
"Suns","5","54","28","False","1989-1990","1989","1990"
"Suns","4","55","27","False","1990-1991","1990","1991"
"Suns","4","53","29","False","1991-1992","1991","1992"
"Suns","1","62","20","False","1992-1993","1992","1993"
"Suns","3","56","26","False","1993-1994","1993","1994"
"Suns","2","59","23","False","1994-1995","1994","1995"
"Suns","7","41","41","False","1995-1996","1995","1996"
"Suns","6","40","42","False","1996-1997","1996","1997"
"Suns","4","56","26","False","1997-1998","1997","1998"
"Suns","6","27","23","False","1998-1999","1998","1999"
"Suns","4","53","29","False","1999-2000","1999","2000"
"Suns","6","51","31","False","2000-2001","2000","2001"
"Suns","10","36","46","False","2001-2002","2001","2002"
"Suns","8","44","38","False","2002-2003","2002","2003"
"Suns","13","29","53","False","2003-2004","2003","2004"
"Suns","1","62","20","False","2004-2005","2004","2005"
"Suns","3","54","28","False","2005-2006","2005","2006"
"Suns","2","61","21","False","2006-2007","2006","2007"
"Suns","6","55","27","False","2007-2008","2007","2008"
"Suns","9","46","36","False","2008-2009","2008","2009"
"Suns","3","54","28","False","2009-2010","2009","2010"
"Suns","10","40","42","False","2010-2011","2010","2011"
"Suns","10","33","33","False","2011-2012","2011","2012"
"Suns","15","25","57","False","2012-2013","2012","2013"
"Suns","9","48","34","False","2013-2014","2013","2014"
"Suns","10","39","43","False","2014-2015","2014","2015"
"Suns","14","23","59","False","2015-2016","2015","2016"
"Suns","15","24","58","False","2016-2017","2016","2017"
"Suns","15","21","61","False","2017-2018","2017","2018"
"Suns","15","19","63","False","2018-2019","2018","2019"
"Suns","10","34","39","False","2019-2020","2019","2020"
"Suns","2","51","21","False","2020-2021","2020","2021"
"Trail Blazers","4","45","37","False","1980-1981","1980","1981"
"Trail Blazers","8","42","40","False","1981-1982","1981","1982"
"Trail Blazers","5","46","36","False","1982-1983","1982","1983"
"Trail Blazers","3","48","34","False","1983-1984","1983","1984"
"Trail Blazers","5","42","40","False","1984-1985","1984","1985"
"Trail Blazers","6","40","42","False","1985-1986","1985","1986"
"Trail Blazers","3","49","33","False","1986-1987","1986","1987"
"Trail Blazers","3","53","29","False","1987-1988","1987","1988"
"Trail Blazers","8","39","43","False","1988-1989","1988","1989"
"Trail Blazers","3","59","23","False","1989-1990","1989","1990"
"Trail Blazers","1","63","19","False","1990-1991","1990","1991"
"Trail Blazers","1","57","25","False","1991-1992","1991","1992"
"Trail Blazers","4","51","31","False","1992-1993","1992","1993"
"Trail Blazers","7","47","35","False","1993-1994","1993","1994"
"Trail Blazers","7","44","38","False","1994-1995","1994","1995"
"Trail Blazers","6","44","38","False","1995-1996","1995","1996"
"Trail Blazers","5","49","33","False","1996-1997","1996","1997"
"Trail Blazers","6","46","36","False","1997-1998","1997","1998"
"Trail Blazers","3","35","15","False","1998-1999","1998","1999"
"Trail Blazers","3","59","23","False","1999-2000","1999","2000"
"Trail Blazers","7","50","32","False","2000-2001","2000","2001"
"Trail Blazers","6","49","33","False","2001-2002","2001","2002"
"Trail Blazers","6","50","32","False","2002-2003","2002","2003"
"Trail Blazers","10","41","41","False","2003-2004","2003","2004"
"Trail Blazers","13","27","55","False","2004-2005","2004","2005"
"Trail Blazers","15","21","61","False","2005-2006","2005","2006"
"Trail Blazers","12","32","50","False","2006-2007","2006","2007"
"Trail Blazers","10","41","41","False","2007-2008","2007","2008"
"Trail Blazers","4","54","28","False","2008-2009","2008","2009"
"Trail Blazers","6","50","32","False","2009-2010","2009","2010"
"Trail Blazers","6","48","34","False","2010-2011","2010","2011"
"Trail Blazers","11","28","38","False","2011-2012","2011","2012"
"Trail Blazers","11","33","49","False","2012-2013","2012","2013"
"Trail Blazers","5","54","28","False","2013-2014","2013","2014"
"Trail Blazers","4","51","31","False","2014-2015","2014","2015"
"Trail Blazers","5","44","38","False","2015-2016","2015","2016"
"Trail Blazers","8","41","41","False","2016-2017","2016","2017"
"Trail Blazers","3","49","33","False","2017-2018","2017","2018"
"Trail Blazers","3","53","29","False","2018-2019","2018","2019"
"Trail Blazers","8","35","39","False","2019-2020","2019","2020"
"Trail Blazers","6","42","30","False","2020-2021","2020","2021"
"Kings","5","40","42","False","1980-1981","1980","1981"
"Kings","9","30","52","False","1981-1982","1981","1982"
"Kings","6","45","37","False","1982-1983","1982","1983"
"Kings","7","38","44","False","1983-1984","1983","1984"
"Kings","9","31","51","False","1984-1985","1984","1985"
"Kings","7","37","45","False","1985-1986","1985","1986"
"Kings","10","29","53","False","1986-1987","1986","1987"
"Kings","10","24","58","False","1987-1988","1987","1988"
"Kings","10","27","55","False","1988-1989","1988","1989"
"Kings","12","23","59","False","1989-1990","1989","1990"
"Kings","13","25","57","False","1990-1991","1990","1991"
"Kings","10","29","53","False","1991-1992","1991","1992"
"Kings","11","25","57","False","1992-1993","1992","1993"
"Kings","10","28","54","False","1993-1994","1993","1994"
"Kings","9","39","43","False","1994-1995","1994","1995"
"Kings","8","39","43","False","1995-1996","1995","1996"
"Kings","9","34","48","False","1996-1997","1996","1997"
"Kings","9","27","55","False","1997-1998","1997","1998"
"Kings","6","27","23","False","1998-1999","1998","1999"
"Kings","8","44","38","False","1999-2000","1999","2000"
"Kings","3","55","27","False","2000-2001","2000","2001"
"Kings","1","61","21","False","2001-2002","2001","2002"
"Kings","2","59","23","False","2002-2003","2002","2003"
"Kings","4","55","27","False","2003-2004","2003","2004"
"Kings","6","50","32","False","2004-2005","2004","2005"
"Kings","8","44","38","False","2005-2006","2005","2006"
"Kings","11","33","49","False","2006-2007","2006","2007"
"Kings","11","38","44","False","2007-2008","2007","2008"
"Kings","15","17","65","False","2008-2009","2008","2009"
"Kings","14","25","57","False","2009-2010","2009","2010"
"Kings","14","24","58","False","2010-2011","2010","2011"
"Kings","14","22","44","False","2011-2012","2011","2012"
"Kings","13","28","54","False","2012-2013","2012","2013"
"Kings","13","28","54","False","2013-2014","2013","2014"
"Kings","13","29","53","False","2014-2015","2014","2015"
"Kings","10","33","49","False","2015-2016","2015","2016"
"Kings","12","32","50","False","2016-2017","2016","2017"
"Kings","12","27","55","False","2017-2018","2017","2018"
"Kings","9","39","43","False","2018-2019","2018","2019"
"Kings","12","31","41","False","2019-2020","2019","2020"
"Kings","12","31","41","False","2020-2021","2020","2021"
"Spurs","2","52","30","False","1980-1981","1980","1981"
"Spurs","2","48","34","False","1981-1982","1981","1982"
"Spurs","2","53","29","False","1982-1983","1982","1983"
"Spurs","9","37","45","False","1983-1984","1983","1984"
"Spurs","6","41","41","False","1984-1985","1984","1985"
"Spurs","8","35","47","False","1985-1986","1985","1986"
"Spurs","11","28","54","False","1986-1987","1986","1987"
"Spurs","8","31","51","False","1987-1988","1987","1988"
"Spurs","11","21","61","False","1988-1989","1988","1989"
"Spurs","2","56","26","False","1989-1990","1989","1990"
"Spurs","2","55","27","False","1990-1991","1990","1991"
"Spurs","5","47","35","False","1991-1992","1991","1992"
"Spurs","5","49","33","False","1992-1993","1992","1993"
"Spurs","4","55","27","False","1993-1994","1993","1994"
"Spurs","1","62","20","False","1994-1995","1994","1995"
"Spurs","2","59","23","False","1995-1996","1995","1996"
"Spurs","13","20","62","False","1996-1997","1996","1997"
"Spurs","4","56","26","False","1997-1998","1997","1998"
"Spurs","1","37","13","False","1998-1999","1998","1999"
"Spurs","4","53","29","False","1999-2000","1999","2000"
"Spurs","1","58","24","False","2000-2001","2000","2001"
"Spurs","2","58","24","False","2001-2002","2001","2002"
"Spurs","1","60","22","False","2002-2003","2002","2003"
"Spurs","3","57","25","False","2003-2004","2003","2004"
"Spurs","2","59","23","False","2004-2005","2004","2005"
"Spurs","1","63","19","False","2005-2006","2005","2006"
"Spurs","3","58","24","False","2006-2007","2006","2007"
"Spurs","3","56","26","False","2007-2008","2007","2008"
"Spurs","3","54","28","False","2008-2009","2008","2009"
"Spurs","7","50","32","False","2009-2010","2009","2010"
"Spurs","1","61","21","False","2010-2011","2010","2011"
"Spurs","1","50","16","False","2011-2012","2011","2012"
"Spurs","2","58","24","False","2012-2013","2012","2013"
"Spurs","1","62","20","False","2013-2014","2013","2014"
"Spurs","6","55","27","False","2014-2015","2014","2015"
"Spurs","2","67","15","False","2015-2016","2015","2016"
"Spurs","2","61","21","False","2016-2017","2016","2017"
"Spurs","7","47","35","False","2017-2018","2017","2018"
"Spurs","7","48","34","False","2018-2019","2018","2019"
"Spurs","11","32","39","False","2019-2020","2019","2020"
"Spurs","10","33","39","False","2020-2021","2020","2021"
"SuperSonics","10","34","48","False","1980-1981","1980","1981"
"SuperSonics","3","52","30","False","1981-1982","1981","1982"
"SuperSonics","4","48","34","False","1982-1983","1982","1983"
"SuperSonics","5","42","40","False","1983-1984","1983","1984"
"SuperSonics","9","31","51","False","1984-1985","1984","1985"
"SuperSonics","11","31","51","False","1985-1986","1985","1986"
"SuperSonics","7","39","43","False","1986-1987","1986","1987"
"SuperSonics","7","44","38","False","1987-1988","1987","1988"
"SuperSonics","4","47","35","False","1988-1989","1988","1989"
"SuperSonics","8","41","41","False","1989-1990","1989","1990"
"SuperSonics","8","41","41","False","1990-1991","1990","1991"
"SuperSonics","5","47","35","False","1991-1992","1991","1992"
"SuperSonics","2","55","27","False","1992-1993","1992","1993"
"SuperSonics","1","63","19","False","1993-1994","1993","1994"
"SuperSonics","4","57","25","False","1994-1995","1994","1995"
"SuperSonics","1","64","18","False","1995-1996","1995","1996"
"SuperSonics","2","57","25","False","1996-1997","1996","1997"
"SuperSonics","2","61","21","False","1997-1998","1997","1998"
"SuperSonics","8","25","25","False","1998-1999","1998","1999"
"SuperSonics","7","45","37","False","1999-2000","1999","2000"
"SuperSonics","10","44","38","False","2000-2001","2000","2001"
"SuperSonics","7","45","37","False","2001-2002","2001","2002"
"SuperSonics","10","40","42","False","2002-2003","2002","2003"
"SuperSonics","12","37","45","False","2003-2004","2003","2004"
"SuperSonics","4","52","30","False","2004-2005","2004","2005"
"SuperSonics","11","35","47","False","2005-2006","2005","2006"
"SuperSonics","14","31","51","False","2006-2007","2006","2007"
"SuperSonics","15","20","62","False","2007-2008","2007","2008"
"Thunder","13","23","59","False","2008-2009","2008","2009"
"Thunder","8","50","32","False","2009-2010","2009","2010"
"Thunder","4","55","27","False","2010-2011","2010","2011"
"Thunder","2","47","19","False","2011-2012","2011","2012"
"Thunder","1","60","22","False","2012-2013","2012","2013"
"Thunder","2","59","23","False","2013-2014","2013","2014"
"Thunder","9","45","37","False","2014-2015","2014","2015"
"Thunder","3","55","27","False","2015-2016","2015","2016"
"Thunder","6","47","35","False","2016-2017","2016","2017"
"Thunder","4","48","34","False","2017-2018","2017","2018"
"Thunder","6","49","33","False","2018-2019","2018","2019"
"Thunder","5","44","28","False","2019-2020","2019","2020"
"Thunder","14","22","50","False","2020-2021","2020","2021"
"Raptors","14","21","61","False","1995-1996","1995","1996"
"Raptors","12","30","52","False","1996-1997","1996","1997"
"Raptors","15","16","66","False","1997-1998","1997","1998"
"Raptors","10","23","27","False","1998-1999","1998","1999"
"Raptors","6","45","37","False","1999-2000","1999","2000"
"Raptors","5","47","35","False","2000-2001","2000","2001"
"Raptors","7","42","40","False","2001-2002","2001","2002"
"Raptors","14","24","58","False","2002-2003","2002","2003"
"Raptors","10","33","49","False","2003-2004","2003","2004"
"Raptors","11","33","49","False","2004-2005","2004","2005"
"Raptors","12","27","55","False","2005-2006","2005","2006"
"Raptors","3","47","35","False","2006-2007","2006","2007"
"Raptors","6","41","41","False","2007-2008","2007","2008"
"Raptors","13","33","49","False","2008-2009","2008","2009"
"Raptors","9","40","42","False","2009-2010","2009","2010"
"Raptors","14","22","60","False","2010-2011","2010","2011"
"Raptors","11","23","43","False","2011-2012","2011","2012"
"Raptors","10","34","48","False","2012-2013","2012","2013"
"Raptors","3","48","34","False","2013-2014","2013","2014"
"Raptors","4","49","33","False","2014-2015","2014","2015"
"Raptors","2","56","26","False","2015-2016","2015","2016"
"Raptors","3","51","31","False","2016-2017","2016","2017"
"Raptors","1","59","23","False","2017-2018","2017","2018"
"Raptors","2","58","24","False","2018-2019","2018","2019"
"Raptors","2","53","19","False","2019-2020","2019","2020"
"Raptors","12","27","45","False","2020-2021","2020","2021"
"Jazz","11","28","54","False","1980-1981","1980","1981"
"Jazz","11","25","57","False","1981-1982","1981","1982"
"Jazz","9","30","52","False","1982-1983","1982","1983"
"Jazz","2","45","37","False","1983-1984","1983","1984"
"Jazz","6","41","41","False","1984-1985","1984","1985"
"Jazz","5","42","40","False","1985-1986","1985","1986"
"Jazz","4","44","38","False","1986-1987","1986","1987"
"Jazz","5","47","35","False","1987-1988","1987","1988"
"Jazz","2","51","31","False","1988-1989","1988","1989"
"Jazz","4","55","27","False","1989-1990","1989","1990"
"Jazz","5","54","28","False","1990-1991","1990","1991"
"Jazz","2","55","27","False","1991-1992","1991","1992"
"Jazz","6","47","35","False","1992-1993","1992","1993"
"Jazz","5","53","29","False","1993-1994","1993","1994"
"Jazz","3","60","22","False","1994-1995","1994","1995"
"Jazz","3","55","27","False","1995-1996","1995","1996"
"Jazz","1","64","18","False","1996-1997","1996","1997"
"Jazz","1","62","20","False","1997-1998","1997","1998"
"Jazz","1","37","13","False","1998-1999","1998","1999"
"Jazz","2","55","27","False","1999-2000","1999","2000"
"Jazz","4","53","29","False","2000-2001","2000","2001"
"Jazz","8","44","38","False","2001-2002","2001","2002"
"Jazz","7","47","35","False","2002-2003","2002","2003"
"Jazz","9","42","40","False","2003-2004","2003","2004"
"Jazz","14","26","56","False","2004-2005","2004","2005"
"Jazz","9","41","41","False","2005-2006","2005","2006"
"Jazz","4","51","31","False","2006-2007","2006","2007"
"Jazz","4","54","28","False","2007-2008","2007","2008"
"Jazz","8","48","34","False","2008-2009","2008","2009"
"Jazz","5","53","29","False","2009-2010","2009","2010"
"Jazz","11","39","43","False","2010-2011","2010","2011"
"Jazz","8","36","30","False","2011-2012","2011","2012"
"Jazz","9","43","39","False","2012-2013","2012","2013"
"Jazz","15","25","57","False","2013-2014","2013","2014"
"Jazz","11","38","44","False","2014-2015","2014","2015"
"Jazz","9","40","42","False","2015-2016","2015","2016"
"Jazz","5","51","31","False","2016-2017","2016","2017"
"Jazz","5","48","34","False","2017-2018","2017","2018"
"Jazz","5","50","32","False","2018-2019","2018","2019"
"Jazz","6","44","28","False","2019-2020","2019","2020"
"Jazz","1","52","20","False","2020-2021","2020","2021"
"Grizzlies","14","15","67","False","1995-1996","1995","1996"
"Grizzlies","14","14","68","False","1996-1997","1996","1997"
"Grizzlies","11","19","63","False","1997-1998","1997","1998"
"Grizzlies","14","8","42","False","1998-1999","1998","1999"
"Grizzlies","12","22","60","False","1999-2000","1999","2000"
"Grizzlies","13","23","59","False","2000-2001","2000","2001"
"Grizzlies","13","23","59","False","2001-2002","2001","2002"
"Grizzlies","12","28","54","False","2002-2003","2002","2003"
"Grizzlies","6","50","32","False","2003-2004","2003","2004"
"Grizzlies","8","45","37","False","2004-2005","2004","2005"
"Grizzlies","5","49","33","False","2005-2006","2005","2006"
"Grizzlies","15","22","60","False","2006-2007","2006","2007"
"Grizzlies","14","22","60","False","2007-2008","2007","2008"
"Grizzlies","12","24","58","False","2008-2009","2008","2009"
"Grizzlies","10","40","42","False","2009-2010","2009","2010"
"Grizzlies","8","46","36","False","2010-2011","2010","2011"
"Grizzlies","4","41","25","False","2011-2012","2011","2012"
"Grizzlies","5","56","26","False","2012-2013","2012","2013"
"Grizzlies","7","50","32","False","2013-2014","2013","2014"
"Grizzlies","5","55","27","False","2014-2015","2014","2015"
"Grizzlies","7","42","40","False","2015-2016","2015","2016"
"Grizzlies","7","43","39","False","2016-2017","2016","2017"
"Grizzlies","14","22","60","False","2017-2018","2017","2018"
"Grizzlies","12","33","49","False","2018-2019","2018","2019"
"Grizzlies","9","34","39","False","2019-2020","2019","2020"
"Grizzlies","8","38","34","False","2020-2021","2020","2021"
"Bullets","7","39","43","False","1980-1981","1980","1981"
"Bullets","5","43","39","False","1981-1982","1981","1982"
"Bullets","7","42","40","False","1982-1983","1982","1983"
"Bullets","8","35","47","False","1983-1984","1983","1984"
"Bullets","6","40","42","False","1984-1985","1984","1985"
"Bullets","6","39","43","False","1985-1986","1985","1986"
"Bullets","6","42","40","False","1986-1987","1986","1987"
"Bullets","7","38","44","False","1987-1988","1987","1988"
"Bullets","9","40","42","False","1988-1989","1988","1989"
"Bullets","10","31","51","False","1989-1990","1989","1990"
"Bullets","10","30","52","False","1990-1991","1990","1991"
"Bullets","13","25","57","False","1991-1992","1991","1992"
"Bullets","14","22","60","False","1992-1993","1992","1993"
"Bullets","12","24","58","False","1993-1994","1993","1994"
"Bullets","14","21","61","False","1994-1995","1994","1995"
"Bullets","10","39","43","False","1995-1996","1995","1996"
"Bullets","8","44","38","False","1996-1997","1996","1997"
"Wizards","9","42","40","False","1997-1998","1997","1998"
"Wizards","13","18","32","False","1998-1999","1998","1999"
"Wizards","13","29","53","False","1999-2000","1999","2000"
"Wizards","14","19","63","False","2000-2001","2000","2001"
"Wizards","10","37","45","False","2001-2002","2001","2002"
"Wizards","9","37","45","False","2002-2003","2002","2003"
"Wizards","13","25","57","False","2003-2004","2003","2004"
"Wizards","5","45","37","False","2004-2005","2004","2005"
"Wizards","5","42","40","False","2005-2006","2005","2006"
"Wizards","7","41","41","False","2006-2007","2006","2007"
"Wizards","5","43","39","False","2007-2008","2007","2008"
"Wizards","15","19","63","False","2008-2009","2008","2009"
"Wizards","14","26","56","False","2009-2010","2009","2010"
"Wizards","13","23","59","False","2010-2011","2010","2011"
"Wizards","14","20","46","False","2011-2012","2011","2012"
"Wizards","12","29","53","False","2012-2013","2012","2013"
"Wizards","5","44","38","False","2013-2014","2013","2014"
"Wizards","5","46","36","False","2014-2015","2014","2015"
"Wizards","10","41","41","False","2015-2016","2015","2016"
"Wizards","4","49","33","False","2016-2017","2016","2017"
"Wizards","8","43","39","False","2017-2018","2017","2018"
"Wizards","11","32","50","False","2018-2019","2018","2019"
"Wizards","9","25","47","False","2019-2020","2019","2020"
"Wizards","8","34","38","False","2020-2021","2020","2021"
"Pistons","11","21","61","False","1980-1981","1980","1981"
"Pistons","7","39","43","False","1981-1982","1981","1982"
"Pistons","8","37","45","False","1982-1983","1982","1983"
"Pistons","4","49","33","False","1983-1984","1983","1984"
"Pistons","4","46","36","False","1984-1985","1984","1985"
"Pistons","5","46","36","False","1985-1986","1985","1986"
"Pistons","3","52","30","False","1986-1987","1986","1987"
"Pistons","2","54","28","False","1987-1988","1987","1988"
"Pistons","1","63","19","False","1988-1989","1988","1989"
"Pistons","1","59","23","False","1989-1990","1989","1990"
"Pistons","3","50","32","False","1990-1991","1990","1991"
"Pistons","5","48","34","False","1991-1992","1991","1992"
"Pistons","10","40","42","False","1992-1993","1992","1993"
"Pistons","13","20","62","False","1993-1994","1993","1994"
"Pistons","12","28","54","False","1994-1995","1994","1995"
"Pistons","6","46","36","False","1995-1996","1995","1996"
"Pistons","5","54","28","False","1996-1997","1996","1997"
"Pistons","11","37","45","False","1997-1998","1997","1998"
"Pistons","5","29","21","False","1998-1999","1998","1999"
"Pistons","7","42","40","False","1999-2000","1999","2000"
"Pistons","10","32","50","False","2000-2001","2000","2001"
"Pistons","2","50","32","False","2001-2002","2001","2002"
"Pistons","1","50","32","False","2002-2003","2002","2003"
"Pistons","3","54","28","False","2003-2004","2003","2004"
"Pistons","2","54","28","False","2004-2005","2004","2005"
"Pistons","1","64","18","False","2005-2006","2005","2006"
"Pistons","1","53","29","False","2006-2007","2006","2007"
"Pistons","2","59","23","False","2007-2008","2007","2008"
"Pistons","8","39","43","False","2008-2009","2008","2009"
"Pistons","12","27","55","False","2009-2010","2009","2010"
"Pistons","11","30","52","False","2010-2011","2010","2011"
"Pistons","10","25","41","False","2011-2012","2011","2012"
"Pistons","11","29","53","False","2012-2013","2012","2013"
"Pistons","11","29","53","False","2013-2014","2013","2014"
"Pistons","12","32","50","False","2014-2015","2014","2015"
"Pistons","8","44","38","False","2015-2016","2015","2016"
"Pistons","10","37","45","False","2016-2017","2016","2017"
"Pistons","9","39","43","False","2017-2018","2017","2018"
"Pistons","8","41","41","False","2018-2019","2018","2019"
"Pistons","13","20","46","False","2019-2020","2019","2020"
"Pistons","15","20","52","False","2020-2021","2020","2021"
"Hornets","12","20","62","False","1988-1989","1988","1989"
"Hornets","14","19","63","False","1989-1990","1989","1990"
"Hornets","11","26","56","False","1990-1991","1990","1991"
"Hornets","11","31","51","False","1991-1992","1991","1992"
"Hornets","5","44","38","False","1992-1993","1992","1993"
"Hornets","9","41","41","False","1993-1994","1993","1994"
"Hornets","4","50","32","False","1994-1995","1994","1995"
"Hornets","9","41","41","False","1995-1996","1995","1996"
"Hornets","5","54","28","False","1996-1997","1996","1997"
"Hornets","4","51","31","False","1997-1998","1997","1998"
"Hornets","9","26","24","False","1998-1999","1998","1999"
"Hornets","4","49","33","False","1999-2000","1999","2000"
"Hornets","6","46","36","False","2000-2001","2000","2001"
"Hornets","4","44","38","False","2001-2002","2001","2002"
"Bobcats","14","18","64","False","2004-2005","2004","2005"
"Bobcats","13","26","56","False","2005-2006","2005","2006"
"Bobcats","11","33","49","False","2006-2007","2006","2007"
"Bobcats","12","32","50","False","2007-2008","2007","2008"
"Bobcats","10","35","47","False","2008-2009","2008","2009"
"Bobcats","7","44","38","False","2009-2010","2009","2010"
"Bobcats","10","34","48","False","2010-2011","2010","2011"
"Bobcats","15","7","59","False","2011-2012","2011","2012"
"Bobcats","14","21","61","False","2012-2013","2012","2013"
"Bobcats","7","43","39","False","2013-2014","2013","2014"
"Hornets","11","33","49","False","2014-2015","2014","2015"
"Hornets","6","48","34","False","2015-2016","2015","2016"
"Hornets","11","36","46","False","2016-2017","2016","2017"
"Hornets","10","36","46","False","2017-2018","2017","2018"
"Hornets","9","39","43","False","2018-2019","2018","2019"
"Hornets","10","23","42","False","2019-2020","2019","2020"
"Hornets","10","33","39","False","2020-2021","2020","2021"
